day,start,end,course_name_ar,type,program,section,instructor_ar,room,status,notes,effective_from,effective_to,active
Saturday,09:00,11:00,تحليل وتصميم الخوارزميات,lab,هندسة البرمجيات 1,1,م/ محمود عصام,C109,normal,,,,TRUE
Saturday,09:00,11:00,نظم تشغيل,lab,هندسة البرمجيات 1,2,م/ احمد عبدالرحمن,C105,normal,,,,TRUE
Saturday,11:00,13:00,تحليل وتصميم الخوارزميات,lab,هندسة البرمجيات 1,2,م/ محمود عصام,C109,normal,,,,TRUE
Saturday,11:00,13:00,نظم تشغيل,lab,هندسة البرمجيات 1,1,م/ احمد عبدالرحمن,C105,normal,,,,TRUE
Saturday,13:00,15:00,تحليل وتصميم الخوارزميات,lab,هندسة البرمجيات 1,3,م/ محمود عصام,C109,normal,,,,TRUE
Saturday,13:00,15:00,نظم تشغيل,lab,هندسة البرمجيات 1,4,م/ احمد عبدالرحمن,C105,normal,,,,TRUE
Saturday,15:00,17:00,تحليل وتصميم الخوارزميات,lab,هندسة البرمجيات 1,4,م/ محمود عصام,C109,normal,,,,TRUE
Saturday,15:00,17:00,نظم تشغيل,lab,هندسة البرمجيات 1,3,م/ احمد عبدالرحمن,C105,normal,,,,TRUE
Sunday,09:00,11:00,البرمجة المرئية,lab,علوم الحاسب,6,م/ علي احمد,C106,normal,,,,TRUE
Sunday,09:00,11:00,الرسم بالحاسب,lab,علوم الحاسب,7,م/ احمد هشام,C305,normal,,,,TRUE
Sunday,09:00,11:00,الرسم بالحاسب,lab,نظم المعلومات,1,م/ احمد هشام,C305,normal,,,,TRUE
Sunday,09:00,11:00,تعلم الالة,lab,الذكاء الاصطناعي,3,م/ ماريا ايمن,C307,normal,,,,TRUE
Sunday,09:00,11:00,تفاعل الانسان والحاسب,lab,الذكاء الاصطناعي,1,م/ رضوى صالح,C306,normal,,,,TRUE
Sunday,09:00,11:00,شبكات الحاسب,lab,هندسة البرمجيات 1,1,م/ اسعد نصرالله,C105,normal,,,,TRUE
Sunday,09:00,11:00,نظم تشغيل,lab,هندسة البرمجيات 2,6,م/ احمد عبدالرحمن,C207,normal,,,,TRUE
Sunday,11:00,13:00,التدريب الميداني,lecture,علوم الحاسب,3 6 7,م/ اكرام,C315,normal,,,,TRUE
Sunday,11:00,13:00,الرسم بالحاسب,lab,علوم الحاسب,5,م/ احمد هشام,C305,normal,,,,TRUE
Sunday,11:00,13:00,شبكات الحاسب,lab,علوم الحاسب,4,م/ سحر خيري,C306,normal,,,,TRUE
Sunday,11:00,13:00,التدريب الميداني,lecture,نظم المعلومات,1,م/ اكرام,C315,normal,,,,TRUE
Sunday,11:00,13:00,تحليل وتصميم الخوارزميات,lecture,الذكاء الاصطناعي,1 2 3 4,د/ ماجد أحمد جاد الرب عسكر,C321,normal,,,,TRUE
Sunday,11:00,13:00,التدريب الميداني,lecture,هندسة البرمجيات 1,3 5,م/ اكرام,C315,normal,,,,TRUE
Sunday,11:00,13:00,شبكات الحاسب,lab,هندسة البرمجيات 1,2,م/ اسعد نصرالله,C105,normal,,,,TRUE
Sunday,11:00,13:00,التدريب الميداني,lecture,هندسة البرمجيات 2,6 7,م/ اكرام,C315,normal,,,,TRUE
Sunday,11:00,13:00,نظم تشغيل,lab,هندسة البرمجيات 2,8,م/ احمد عبدالرحمن,C207,normal,,,,TRUE
Sunday,13:00,15:00,التدريب الميداني,lab,علوم الحاسب,7,م/ احمد حسين,C205,normal,,,,TRUE
Sunday,13:00,15:00,التدريب الميداني,lecture,علوم الحاسب,2 5,م/ اكرام,C118,normal,,,,TRUE
Sunday,13:00,15:00,التدريب الميداني,lab,علوم الحاسب,3,م/ امير,C310,normal,,,,TRUE
Sunday,13:00,15:00,الرسم بالحاسب,lab,علوم الحاسب,4,م/ احمد هشام,C305,normal,,,,TRUE
Sunday,13:00,15:00,شبكات الحاسب,lab,علوم الحاسب,1,م/ سحر خيري,C306,normal,,,,TRUE
Sunday,13:00,15:00,تمارين تحليل عددي,lab,نظم المعلومات,1,م/ الاء محمد,C208,normal,,,,TRUE
Sunday,13:00,15:00,التدريب الميداني,lecture,الذكاء الاصطناعي,1 3,م/ اكرام,C118,normal,,,,TRUE
Sunday,13:00,15:00,تعلم الالة,lab,الذكاء الاصطناعي,4,م/ ماريا ايمن,C307,normal,,,,TRUE
Sunday,13:00,15:00,تحليل وتصميم الخوارزميات,lecture,هندسة البرمجيات 1,1 2 3 4 5,د/ ماجد أحمد جاد الرب عسكر,C321,normal,,,,TRUE
Sunday,13:00,15:00,التدريب الميداني,lecture,هندسة البرمجيات 2,8 9 10,م/ اكرام,C118,normal,,,,TRUE
Sunday,13:00,15:00,شبكات الحاسب,lab,هندسة البرمجيات 2,6,م/ اسعد نصرالله,C105,normal,,,,TRUE
Sunday,13:00,15:00,نظم تشغيل,lab,هندسة البرمجيات 2,7,م/ احمد عبدالرحمن,C207,normal,,,,TRUE
Sunday,15:00,17:00,التدريب الميداني,lab,علوم الحاسب,5,م/ احمد حسين,C205,normal,,,,TRUE
Sunday,15:00,17:00,التدريب الميداني,lecture,علوم الحاسب,1 4,م/ اكرام,C118,normal,,,,TRUE
Sunday,15:00,17:00,الرسم بالحاسب,lab,علوم الحاسب,3,م/ احمد هشام,C305,normal,,,,TRUE
Sunday,15:00,17:00,شبكات الحاسب,lab,علوم الحاسب,7,م/ سحر خيري,C306,normal,,,,TRUE
Sunday,15:00,17:00,شبكات الحاسب,lab,نظم المعلومات,1,م/ سحر خيري,C306,normal,,,,TRUE
Sunday,15:00,17:00,التدريب الميداني,lecture,الذكاء الاصطناعي,2 4,م/ اكرام,C118,normal,,,,TRUE
Sunday,15:00,17:00,التدريب الميداني,lab,الذكاء الاصطناعي,3,م/ امير,C310,normal,,,,TRUE
Sunday,15:00,17:00,تعلم الالة,lab,الذكاء الاصطناعي,1,م/ ماريا ايمن,C307,normal,,,,TRUE
Sunday,15:00,17:00,التدريب الميداني,lecture,هندسة البرمجيات 1,1 2 4,م/ اكرام,C118,normal,,,,TRUE
Sunday,15:00,17:00,شبكات الحاسب,lab,هندسة البرمجيات 1,3,م/ اسعد نصرالله,C105,normal,,,,TRUE
Sunday,15:00,17:00,نظم تشغيل,lab,هندسة البرمجيات 1,5,م/ احمد عبدالرحمن,C207,normal,,,,TRUE
Sunday,15:00,17:00,تحليل وتصميم الخوارزميات,lecture,هندسة البرمجيات 2,6 7 8 9 10,د/ ماجد أحمد جاد الرب عسكر,C321,normal,,,,TRUE
Monday,09:00,11:00,البرمجة المرئية,lab,علوم الحاسب,1,م/ علي احمد,C105,normal,,,,TRUE
Monday,09:00,11:00,الرسم بالحاسب,lecture,الذكاء الاصطناعي,1 2 3 4,د/ لؤى ممدوح محمد,C315,normal,,,,TRUE
Monday,09:00,11:00,البرمجة المرئية,lab,هندسة البرمجيات 1,2,م/ مصطفى اسامة,C109,normal,,,,TRUE
Monday,09:00,11:00,تحليل وتصميم الخوارزميات,lab,هندسة البرمجيات 1,5,م/ محمود عصام,C207,normal,,,,TRUE
Monday,09:00,11:00,هندسة البرمجيات,lab,هندسة البرمجيات 1,1,م/ محمد طه,C308,normal,,,,TRUE
Monday,09:00,11:00,التدريب الميداني,lab,هندسة البرمجيات 2,10,م/ اكرام,C310,normal,,,,TRUE
Monday,09:00,11:00,التدريب الميداني,section,هندسة البرمجيات 2,8,م/ مي,C330,normal,,,,TRUE
Monday,09:00,11:00,تحليل وتصميم الخوارزميات,lab,هندسة البرمجيات 2,7,م/ عبدالله احمد,C125,normal,,,,TRUE
Monday,11:00,13:00,الرسم بالحاسب,lecture,علوم الحاسب,1 2 3 4 5 6 7,د/ لؤى ممدوح محمد,C315,normal,,,,TRUE
Monday,11:00,13:00,الرسم بالحاسب,lecture,نظم المعلومات,1,د/ لؤى ممدوح محمد,C315,normal,,,,TRUE
Monday,11:00,13:00,تحليل وتصميم الخوارزميات,lab,الذكاء الاصطناعي,1,م/ عبدالله احمد,C125,normal,,,,TRUE
Monday,11:00,13:00,تعلم الالة,lab,الذكاء الاصطناعي,2,م/ ماريا ايمن,C206,normal,,,,TRUE
Monday,11:00,13:00,هندسة البرمجيات,lab,الذكاء الاصطناعي,3,م/ محمد طه,C308,normal,,,,TRUE
Monday,11:00,13:00,البرمجة المرئية,lecture,هندسة البرمجيات 1,1 2 3 4 5,د/ سارة طارق,C221,normal,,,,TRUE
Monday,11:00,13:00,البرمجة المرئية,lab,هندسة البرمجيات 2,7,م/ مصطفى اسامة,C109,normal,,,,TRUE
Monday,11:00,13:00,البرمجة المرئية,lab,هندسة البرمجيات 2,6,م/ علي احمد,C105,normal,,,,TRUE
Monday,11:00,13:00,التدريب الميداني,section,هندسة البرمجيات 2,9,م/ مي,C330,normal,,,,TRUE
Monday,11:00,13:00,تحليل وتصميم الخوارزميات,lab,هندسة البرمجيات 2,10,م/ محمود عصام,C207,normal,,,,TRUE
Monday,13:00,15:00,البرمجة المرئية,lecture,علوم الحاسب,1 2 3 4 5 6 7,د/ سارة طارق,C221,normal,,,,TRUE
Monday,13:00,15:00,البرمجة المرئية,lecture,نظم المعلومات,1,د/ سارة طارق,C221,normal,,,,TRUE
Monday,13:00,15:00,تفاعل الانسان والحاسب,lecture,الذكاء الاصطناعي,1 2 3 4,د/ اسماء عباس,C030,normal,,,,TRUE
Monday,13:00,15:00,البرمجة المرئية,lab,هندسة البرمجيات 1,1,م/ علي احمد,C105,normal,,,,TRUE
Monday,13:00,15:00,التدريب الميداني,section,هندسة البرمجيات 1,4,م/ مي,C330,normal,,,,TRUE
Monday,13:00,15:00,تحليل وتصميم الخوارزميات,lab,هندسة البرمجيات 2,9,م/ محمود عصام,C207,normal,,,,TRUE
Monday,13:00,15:00,تحليل وتصميم الخوارزميات,lab,هندسة البرمجيات 2,6,م/ عبدالله احمد,C125,normal,,,,TRUE
Monday,13:00,15:00,هندسة البرمجيات,section,هندسة البرمجيات 2,7,م/ محمد طه,C328,normal,,,,TRUE
Monday,15:00,17:00,البرمجة المرئية,lab,علوم الحاسب,7,م/ علي احمد,C105,normal,,,,TRUE
Monday,15:00,17:00,التدريب الميداني,section,علوم الحاسب,4,م/ مي,C330,normal,,,,TRUE
Monday,15:00,17:00,نظم تشغيل,lab,علوم الحاسب,1,م/ احمد عبدالرحمن,C207,normal,,,,TRUE
Monday,15:00,17:00,البرمجة المرئية,lab,نظم المعلومات,1,م/ علي احمد,C105,normal,,,,TRUE
Monday,15:00,17:00,تحليل وتصميم الخوارزميات,lab,الذكاء الاصطناعي,2,م/ عبدالله احمد,C125,normal,,,,TRUE
Monday,15:00,17:00,البرمجة المرئية,lecture,هندسة البرمجيات 2,6 7 8 9 10,د/ سارة طارق,C221,normal,,,,TRUE
Tuesday,09:00,11:00,الرسم بالحاسب,lab,علوم الحاسب,1,م/ احمد هشام,C310,normal,,,,TRUE
Tuesday,09:00,11:00,تحليل عددى,lecture,نظم المعلومات,1,د/ مديحة عبد المجيد على / مصطفى عبد النعيم,C227,normal,,,,TRUE
Tuesday,09:00,11:00,تفاعل الانسان والحاسب,lab,الذكاء الاصطناعي,2,م/ رضوى صالح,C207,normal,,,,TRUE
Tuesday,09:00,11:00,شبكات الحاسب,lecture,هندسة البرمجيات 1,1 2 3 4 5,د/ طارق محمد عبد القادر,C321,normal,,,,TRUE
Tuesday,09:00,11:00,البرمجة المرئية,lab,هندسة البرمجيات 2,10,م/ ريم اسامة,C308,normal,,,,TRUE
Tuesday,09:00,11:00,شبكات الحاسب,lab,هندسة البرمجيات 2,9,م/ محمد عبدالحميد,C210,normal,,,,TRUE
Tuesday,09:00,11:00,شبكات الحاسب,lab,هندسة البرمجيات 2,7,م/ مصطفى محمد,C105,normal,,,,TRUE
Tuesday,11:00,13:00,الرسم بالحاسب,lab,علوم الحاسب,2,م/ احمد هشام,C310,normal,,,,TRUE
Tuesday,11:00,13:00,شبكات الحاسب,lab,علوم الحاسب,5,م/ محمد عبدالحميد,C210,normal,,,,TRUE
Tuesday,11:00,13:00,شبكات الحاسب,lab,علوم الحاسب,3,م/ سحر خيري,C109,normal,,,,TRUE
Tuesday,11:00,13:00,نظم تشغيل,lab,علوم الحاسب,6,م/ احمد عبدالرحمن,C208,normal,,,,TRUE
Tuesday,11:00,13:00,تفاعل الانسان والحاسب,lab,الذكاء الاصطناعي,3,م/ رضوى صالح,C207,normal,,,,TRUE
Tuesday,11:00,13:00,البرمجة المرئية,lab,هندسة البرمجيات 1,3,م/ ريم اسامة,C308,normal,,,,TRUE
Tuesday,11:00,13:00,شبكات الحاسب,lab,هندسة البرمجيات 1,5,م/ مصطفى محمد,C105,normal,,,,TRUE
Tuesday,11:00,13:00,هندسة البرمجيات,lab,هندسة البرمجيات 1,2,م/ شيماء حسام الدين,C305,normal,,,,TRUE
Tuesday,11:00,13:00,شبكات الحاسب,lecture,هندسة البرمجيات 2,6 7 8 9 10,د/ طارق محمد عبد القادر,C321,normal,,,,TRUE
Tuesday,13:00,15:00,شبكات الحاسب,lecture,علوم الحاسب,1 2 3 4 5 6 7,د/ طارق محمد عبد القادر,C321,normal,,,,TRUE
Tuesday,13:00,15:00,شبكات الحاسب,lecture,نظم المعلومات,1,د/ طارق محمد عبد القادر,C321,normal,,,,TRUE
Tuesday,13:00,15:00,تفاعل الانسان والحاسب,lab,الذكاء الاصطناعي,4,م/ رضوى صالح,C207,normal,,,,TRUE
Tuesday,13:00,15:00,البرمجة المرئية,lab,هندسة البرمجيات 1,4,م/ ريم اسامة,C308,normal,,,,TRUE
Tuesday,13:00,15:00,هندسة البرمجيات,lab,هندسة البرمجيات 1,3,م/ شيماء حسام الدين,C305,normal,,,,TRUE
Tuesday,13:00,15:00,شبكات الحاسب,lab,هندسة البرمجيات 2,10,م/ سحر خيري,C109,normal,,,,TRUE
Tuesday,13:00,15:00,شبكات الحاسب,lab,هندسة البرمجيات 2,8,م/ مصطفى محمد,C105,normal,,,,TRUE
Tuesday,13:00,15:00,نظم تشغيل,lab,هندسة البرمجيات 2,9,م/ احمد عبدالرحمن,C126,normal,,,,TRUE
Tuesday,15:00,17:00,شبكات الحاسب,lab,علوم الحاسب,6,م/ محمد عبدالحميد,C210,normal,,,,TRUE
Tuesday,15:00,17:00,شبكات الحاسب,lab,علوم الحاسب,2,م/ سحر خيري,C109,normal,,,,TRUE
Tuesday,15:00,17:00,هندسة البرمجيات,lab,علوم الحاسب,3,م/ شيماء حسام الدين,C305,normal,,,,TRUE
Tuesday,15:00,17:00,التدريب الميداني,lab,نظم المعلومات,1,م/ اكرام,C310,normal,,,,TRUE
Tuesday,15:00,17:00,تعلم الالة,lecture,الذكاء الاصطناعي,1 2 3 4,أ.م.د/ ممدوح فاروق,C113,normal,,,,TRUE
Tuesday,15:00,17:00,نظم تشغيل,lab,هندسة البرمجيات 2,10,م/ احمد عبدالرحمن,C126,normal,,,,TRUE
Wednesday,09:00,11:00,البرمجة المرئية,lab,علوم الحاسب,5,م/ اسماء اسماعيل,C208,normal,,,,TRUE
Wednesday,09:00,11:00,نظم تشغيل,lab,علوم الحاسب,3,م/ احمد عبدالرحمن,C206,normal,,,,TRUE
Wednesday,09:00,11:00,إدارة المشروعات المتقدمة,lab,نظم المعلومات,1,م/ غادة سمير,C109,normal,,,,TRUE
Wednesday,09:00,11:00,الرسم بالحاسب,lab,الذكاء الاصطناعي,1,م/ مصطفى عبدالحليم,C205,normal,,,,TRUE
Wednesday,09:00,11:00,الشبكات العصبية,lab,الذكاء الاصطناعي,2,م/ عبدالرحمن فرغلي,C105,normal,,,,TRUE
Wednesday,09:00,11:00,تحليل وتصميم الخوارزميات,lab,الذكاء الاصطناعي,4,م/ عبدالله احمد,C305,normal,,,,TRUE
Wednesday,09:00,11:00,البرمجة المرئية,lab,هندسة البرمجيات 2,8,م/ مصطفى اسامة,C307,normal,,,,TRUE
Wednesday,09:00,11:00,هندسة البرمجيات,lab,هندسة البرمجيات 2,6,م/ محمد طه,C210,normal,,,,TRUE
Wednesday,11:00,13:00,البرمجة المرئية,lab,علوم الحاسب,2,م/ اسماء اسماعيل,C208,normal,,,,TRUE
Wednesday,11:00,13:00,نظم تشغيل,lab,علوم الحاسب,4,م/ احمد عبدالرحمن,C206,normal,,,,TRUE
Wednesday,11:00,13:00,هندسة البرمجيات,lab,علوم الحاسب,5,م/ جهاد زكريا,C125,normal,,,,TRUE
Wednesday,11:00,13:00,هندسة البرمجيات,lab,علوم الحاسب,1,م/ محمد طه,C210,normal,,,,TRUE
Wednesday,11:00,13:00,إدارة مشروعات متقدمة,lecture,نظم المعلومات,1,د/ سها عبدالمؤمن,C230,normal,,,,TRUE
Wednesday,11:00,13:00,التدريب الميداني,lab,الذكاء الاصطناعي,4,م/ اكرام,C109,normal,,,,TRUE
Wednesday,11:00,13:00,الرسم بالحاسب,lab,الذكاء الاصطناعي,2,م/ مصطفى عبدالحليم,C205,normal,,,,TRUE
Wednesday,11:00,13:00,الشبكات العصبية,lab,الذكاء الاصطناعي,1,م/ عبدالرحمن فرغلي,C105,normal,,,,TRUE
Wednesday,11:00,13:00,تحليل وتصميم الخوارزميات,lab,الذكاء الاصطناعي,3,م/ عبدالله احمد,C305,normal,,,,TRUE
Wednesday,11:00,13:00,البرمجة المرئية,lab,هندسة البرمجيات 2,9,م/ مصطفى اسامة,C307,normal,,,,TRUE
Wednesday,13:00,15:00,البرمجة المرئية,lab,علوم الحاسب,3,م/ اسماء اسماعيل,C208,normal,,,,TRUE
Wednesday,13:00,15:00,نظم تشغيل,lab,علوم الحاسب,5,م/ احمد عبدالرحمن,C206,normal,,,,TRUE
Wednesday,13:00,15:00,هندسة البرمجيات,lab,علوم الحاسب,7,م/ محمد طه,C210,normal,,,,TRUE
Wednesday,13:00,15:00,هندسة البرمجيات,lab,علوم الحاسب,4,م/ جهاد زكريا,C125,normal,,,,TRUE
Wednesday,13:00,15:00,هندسة البرمجيات,lab,نظم المعلومات,1,م/ محمد طه,C210,normal,,,,TRUE
Wednesday,13:00,15:00,الرسم بالحاسب,lab,الذكاء الاصطناعي,3,م/ مصطفى عبدالحليم,C205,normal,,,,TRUE
Wednesday,13:00,15:00,الشبكات العصبية,lab,الذكاء الاصطناعي,4,م/ عبدالرحمن فرغلي,C105,normal,,,,TRUE
Wednesday,13:00,15:00,هندسة البرمجيات,lab,الذكاء الاصطناعي,2,م/ مصطفى اسامة,C307,normal,,,,TRUE
Wednesday,13:00,15:00,تحليل وتصميم الخوارزميات,lab,هندسة البرمجيات 2,8,م/ عبدالله احمد,C305,normal,,,,TRUE
Wednesday,15:00,17:00,البرمجة المرئية,lab,علوم الحاسب,4,م/ اسماء اسماعيل,C208,normal,,,,TRUE
Wednesday,15:00,17:00,نظم تشغيل,lab,علوم الحاسب,7,م/ احمد عبدالرحمن,C206,normal,,,,TRUE
Wednesday,15:00,17:00,هندسة البرمجيات,lab,علوم الحاسب,6,م/ محمد طه,C210,normal,,,,TRUE
Wednesday,15:00,17:00,هندسة البرمجيات,lab,علوم الحاسب,2,م/ جهاد زكريا,C125,normal,,,,TRUE
Wednesday,15:00,17:00,نظم تشغيل,lab,نظم المعلومات,1,م/ احمد عبدالرحمن,C206,normal,,,,TRUE
Wednesday,15:00,17:00,التدريب الميداني,lab,الذكاء الاصطناعي,2,م/ مي,C308,normal,,,,TRUE
Wednesday,15:00,17:00,التدريب الميداني,lab,الذكاء الاصطناعي,1,م/ اكرام,C305,normal,,,,TRUE
Wednesday,15:00,17:00,الرسم بالحاسب,lab,الذكاء الاصطناعي,4,م/ مصطفى عبدالحليم,C205,normal,,,,TRUE
Wednesday,15:00,17:00,الشبكات العصبية,lab,الذكاء الاصطناعي,3,م/ عبدالرحمن فرغلي,C105,normal,,,,TRUE
Wednesday,15:00,17:00,هندسة البرمجيات,lab,هندسة البرمجيات 2,10,م/ مصطفى اسامة,C307,normal,,,,TRUE
Thursday,09:00,11:00,التدريب الميداني,lab,علوم الحاسب,2,م/ امير,C125,normal,,,,TRUE
Thursday,09:00,11:00,التدريب الميداني,lab,علوم الحاسب,1,م/ احمد حسين,C106,normal,,,,TRUE
Thursday,09:00,11:00,هندسة البرمجيات,lecture,الذكاء الاصطناعي,1 2 3 4,د/ احمد مصطفى,C221,normal,,,,TRUE
Thursday,09:00,11:00,نظم التشغيل,lecture,هندسة البرمجيات 1,1 2 3 4 5,د/ لؤى ممدوح محمد,C315,normal,,,,TRUE
Thursday,09:00,11:00,هندسة البرمجيات,lab,هندسة البرمجيات 2,8,م/ نهاد عبدالرحيم,C205,normal,,,,TRUE
Thursday,11:00,13:00,نظم التشغيل,lecture,علوم الحاسب,1 2 3 4 5 6 7,د/ لؤى ممدوح محمد,C315,normal,,,,TRUE
Thursday,11:00,13:00,الشبكات العصبية,lecture,الذكاء الاصطناعي,1 2 3 4,د/ أمل عبد العظيم,C321,normal,,,,TRUE
Thursday,11:00,13:00,هندسة البرمجيات,lecture,هندسة البرمجيات 1,1 2 3 4 5,د/ احمد مصطفى,C221,normal,,,,TRUE
Thursday,11:00,13:00,التدريب الميداني,lab,هندسة البرمجيات 2,7,م/ امير,C125,normal,,,,TRUE
Thursday,11:00,13:00,التدريب الميداني,lab,هندسة البرمجيات 2,6,م/ احمد حسين,C106,normal,,,,TRUE
Thursday,11:00,13:00,هندسة البرمجيات,lab,هندسة البرمجيات 2,9,م/ نهاد عبدالرحيم,C205,normal,,,,TRUE
Thursday,13:00,15:00,هندسة البرمجيات,lecture,علوم الحاسب,1 2 3 4 5 6 7,د/ احمد مصطفى,C221,normal,,,,TRUE
Thursday,13:00,15:00,هندسة البرمجيات,lecture,نظم المعلومات,1,د/ احمد مصطفى,C221,normal,,,,TRUE
Thursday,13:00,15:00,هندسة البرمجيات,lab,الذكاء الاصطناعي,1,م/ نهاد عبدالرحيم,C205,normal,,,,TRUE
Thursday,13:00,15:00,التدريب الميداني,lab,هندسة البرمجيات 1,2,م/ امير,C125,normal,,,,TRUE
Thursday,13:00,15:00,التدريب الميداني,lab,هندسة البرمجيات 1,1,م/ احمد حسين,C106,normal,,,,TRUE
Thursday,13:00,15:00,هندسة البرمجيات,lab,هندسة البرمجيات 1,5,م/ شيماء حسام الدين,C305,normal,,,,TRUE
Thursday,13:00,15:00,نظم التشغيل,lecture,هندسة البرمجيات 2,6 7 8 9 10,د/ لؤى ممدوح محمد,C315,normal,,,,TRUE
Thursday,15:00,17:00,نظم تشغيل,lab,علوم الحاسب,2,م/ احمد عبدالرحمن,C109,normal,,,,TRUE
Thursday,15:00,17:00,هندسة البرمجيات,lab,الذكاء الاصطناعي,4,م/ نهاد عبدالرحيم,C205,normal,,,,TRUE
Thursday,15:00,17:00,التدريب الميداني,lab,هندسة البرمجيات 1,5,م/ امير,C125,normal,,,,TRUE
Thursday,15:00,17:00,التدريب الميداني,lab,هندسة البرمجيات 1,3,م/ احمد حسين,C106,normal,,,,TRUE
Thursday,15:00,17:00,هندسة البرمجيات,lab,هندسة البرمجيات 1,4,م/ شيماء حسام الدين,C305,normal,,,,TRUE
Thursday,15:00,17:00,هندسة البرمجيات,lecture,هندسة البرمجيات 2,6 7 8 9 10,د/ احمد مصطفى,C221,normal,,,,TRUE